Model,Accuracy
KNN,0.8772378516624041
SVM,0.8889294848374132
Logistic Regression,0.8779685787358421
